197,128,114,91,154,216,264,89,55,50,283,9,241,55,62,88
129,196,249,102,228,133,156,66,110,102,214,49,240,189,31,194
150,83,95,58,133,63,30,225,60,138,3,17,169,280,24,82
80,117,137,156,66,234,151,237,261,232,22,79,252,70,15,283
150,40,290,110,290,27,130,293,200,49,150,12,40,215,5,35
97,12,152,268,45,266,150,272,113,230,190,214,210,15,282,26
61,63,36,235,184,217,179,290,249,105,299,216,34,253,263,136
124,96,293,243,280,36,297,199,208,195,223,228,119,127,30,94
146,168,262,168,201,106,44,295,255,87,201,269,106,189,201,75
64,145,118,279,200,193,133,25,208,269,245,274,205,64,159,160
179,73,40,110,125,243,138,112,299,54,94,130,108,191,68,217
13,235,294,88,75,133,94,130,242,97,111,63,139,145,68,144
71,212,232,8,169,145,120,24,127,16,292,102,198,43,268,296
10,195,159,122,298,71,236,45,271,45,91,186,67,173,175,122
124,272,50,179,100,55,53,96,74,247,99,95,271,87,253,87
78,271,79,168,280,104,251,16,156,207,276,138,292,76,97,214
121,133,79,4,118,288,190,170,262,264,19,26,147,1,60,85
143,80,150,45,123,170,101,265,251,166,183,215,119,170,200,89
13,213,129,103,92,295,283,100,95,154,286,26,288,72,191,220
194,269,35,70,75,91,165,85,276,23,50,291,146,163,276,150
186,78,159,230,229,13,210,208,124,195,274,10,92,230,172,266
202,246,291,107,150,296,95,74,274,275,113,161,83,271,163,250
63,196,248,26,292,191,201,43,79,90,268,254,63,261,208,233
284,154,81,32,165,161,216,9,19,118,186,214,164,230,35,88
71,179,73,38,15,84,80,66,137,143,233,178,24,136,269,281
45,145,224,261,182,278,37,189,260,144,33,291,113,147,177,202
182,222,292,39,12,96,146,244,275,262,125,121,107,63,184,278
67,152,89,63,285,139,141,163,35,90,236,97,136,227,198,133
104,180,80,135,84,157,25,58,262,66,288,19,11,291,14,219
40,261,23,22,22,271,231,284,96,105,34,286,182,269,61,284
67,227,192,18,97,13,38,274,66,203,117,264,251,141,179,19
96,158,179,146,203,252,164,231,155,195,261,104,181,92,40,207
35,243,220,29,79,280,56,124,128,101,261,123,136,296,10,153
23,151,5,165,169,15,54,15,68,1,77,11,73,140,211,84
135,10,294,18,193,86,190,234,115,35,21,11,142,189,102,220
261,288,94,51,26,291,94,68,166,255,66,276,76,112,178,226
18,160,54,288,247,207,198,137,200,259,205,90,114,248,134,95
153,121,134,182,4,182,135,83,114,165,203,293,214,196,25,240
216,123,161,129,173,273,84,65,49,218,29,161,27,155,129,267
29,275,259,242,131,185,26,8,253,105,297,110,294,92,233,44
237,42,57,79,62,235,274,74,116,275,8,94,246,129,261,127
220,2,28,280,8,67,90,232,129,30,71,166,145,45,210,30
70,84,138,232,264,47,114,133,186,279,139,194,84,140,157,214
8,83,21,34,112,218,225,21,77,245,280,245,93,274,44,161
127,149,100,72,212,41,235,121,94,39,276,230,144,90,255,48
248,237,198,76,118,246,266,300,236,100,231,267,225,237,20,259
144,251,184,121,212,299,206,78,64,110,250,198,198,35,286,19
106,177,208,189,26,37,195,102,167,272,107,111,87,203,169,49
136,228,44,84,128,58,38,76,28,286,280,292,160,42,199,151
112,45,274,288,174,33,189,42,117,208,109,72,99,274,150,149
98,267,86,70,159,250,125,27,4,219,185,231,33,15,165,64
169,129,107,38,151,288,47,257,118,166,189,147,211,25,69,248
181,170,46,11,82,23,55,7,35,66,34,202,28,15,242,19
38,288,252,38,297,57,6,48,190,49,260,139,110,17,79,75
240,9,75,53,163,104,68,35,169,290,294,122,251,221,4,54
14,54,52,81,63,284,275,237,63,238,73,197,23,203,110,80
195,82,202,59,57,189,163,189,269,152,123,5,231,254,159,229
196,181,41,221,46,238,120,283,118,168,231,192,125,72,90,35
281,299,37,185,169,264,142,99,233,67,272,107,164,77,76,279
155,29,43,50,55,160,152,300,19,282,257,63,20,258,143,192
91,275,97,149,178,291,87,59,226,35,211,280,154,162,258,41
25,4,106,98,194,104,168,83,33,84,116,225,213,178,205,1
292,215,253,245,276,285,100,162,258,277,46,202,97,71,93,243
243,72,287,183,100,77,245,284,87,121,41,192,199,35,287,72
167,252,28,205,78,59,131,114,77,229,46,59,233,233,222,187
71,159,23,58,31,184,29,77,249,72,129,119,154,270,265,137